{
 "water": {
  "znums": [
   8,
   1,
   1
  ],
  "coords": [
   [
    0.0,
    0.0,
    0.0
   ],
   [
    0.0,
    0.757,
    0.586
   ],
   [
    0.0,
    -0.757,
    0.586
   ]
  ]
 },
 "methane": {
  "znums": [
   6,
   1,
   1,
   1,
   1
  ],
  "coords": [
   [
    0.0,
    -0.0,
    -0.0
   ],
   [
    0.532518,
    0.750164,
    -0.588709
   ],
   [
    0.718148,
    -0.588339,
    0.575343
   ],
   [
    -0.557744,
    -0.659078,
    -0.668908
   ],
   [
    -0.692923,
    0.497253,
    0.682273
   ]
  ]
 },
 "aspirin": {
  "znums": [
   6,
   6,
   8,
   8,
   6,
   6,
   6,
   6,
   6,
   6,
   6,
   8,
   8,
   1,
   1,
   1,
   1,
   1,
   1,
   1,
   1
  ],
  "coords": [
   [
    3.435162,
    0.286429,
    -0.055929
   ],
   [
    2.021302,
    0.044102,
    -0.492365
   ],
   [
    1.60437,
    0.237328,
    -1.627237
   ],
   [
    1.296098,
    -0.450249,
    0.586132
   ],
   [
    -0.059659,
    -0.618709,
    0.289718
   ],
   [
    -0.479426,
    -1.916187,
    -0.021254
   ],
   [
    -1.823335,
    -2.158264,
    -0.298866
   ],
   [
    -2.743361,
    -1.1113,
    -0.253667
   ],
   [
    -2.323282,
    0.18153,
    0.076277
   ],
   [
    -0.973565,
    0.442707,
    0.359765
   ],
   [
    -0.524989,
    1.808313,
    0.739421
   ],
   [
    0.592699,
    2.145327,
    1.084036
   ],
   [
    -1.519301,
    2.714961,
    0.67475
   ],
   [
    3.450112,
    0.983544,
    0.785688
   ],
   [
    3.904749,
    -0.660928,
    0.219729
   ],
   [
    3.997453,
    0.730901,
    -0.882091
   ],
   [
    0.237963,
    -2.731317,
    -0.055325
   ],
   [
    -2.154028,
    -3.162581,
    -0.552474
   ],
   [
    -3.791847,
    -1.300053,
    -0.473093
   ],
   [
    -3.06249,
    0.978669,
    0.111832
   ],
   [
    -1.084625,
    3.555777,
    0.92929
   ]
  ]
 },
 "caffeine": {
  "znums": [
   6,
   7,
   6,
   7,
   6,
   6,
   6,
   8,
   7,
   6,
   8,
   7,
   6,
   6,
   1,
   1,
   1,
   1,
   1,
   1,
   1,
   1,
   1,
   1
  ],
  "coords": [
   [
    3.224971,
    0.482136,
    -0.793573
   ],
   [
    2.070544,
    -0.358803,
    -0.60346
   ],
   [
    2.037509,
    -1.724086,
    -0.711122
   ],
   [
    0.830636,
    -2.20106,
    -0.478451
   ],
   [
    0.075525,
    -1.098433,
    -0.214728
   ],
   [
    0.807136,
    0.048083,
    -0.283474
   ],
   [
    0.257746,
    1.33784,
    -0.050493
   ],
   [
    0.926089,
    2.365304,
    -0.11498
   ],
   [
    -1.105976,
    1.29797,
    0.254502
   ],
   [
    -1.897255,
    0.132667,
    0.335153
   ],
   [
    -3.098576,
    0.199902,
    0.61245
   ],
   [
    -1.264153,
    -1.086144,
    0.08923
   ],
   [
    -2.006987,
    -2.331508,
    0.152159
   ],
   [
    -1.785136,
    2.552305,
    0.513824
   ],
   [
    3.41573,
    1.026545,
    0.134587
   ],
   [
    3.020296,
    1.173999,
    -1.614357
   ],
   [
    4.090569,
    -0.137551,
    -1.041534
   ],
   [
    2.909823,
    -2.316228,
    -0.9583
   ],
   [
    -1.561244,
    -2.975216,
    0.917126
   ],
   [
    -3.058017,
    -2.167359,
    0.403719
   ],
   [
    -1.954523,
    -2.828487,
    -0.82174
   ],
   [
    -2.212577,
    2.5236,
    1.521534
   ],
   [
    -2.602816,
    2.66924,
    -0.205018
   ],
   [
    -1.119313,
    3.415283,
    0.436128
   ]
  ]
 },
 "cholesterol": {
  "znums": [
   6,
   6,
   6,
   6,
   6,
   6,
   6,
   6,
   6,
   6,
   6,
   6,
   6,
   6,
   6,
   6,
   6,
   6,
   6,
   6,
   6,
   6,
   6,
   6,
   6,
   8,
   6,
   6,
   1,
   1,
   1,
   1,
   1,
   1,
   1,
   1,
   1,
   1,
   1,
   1,
   1,
   1,
   1,
   1,
   1,
   1,
   1,
   1,
   1,
   1,
   1,
   1,
   1,
   1,
   1,
   1,
   1,
   1,
   1,
   1,
   1,
   1,
   1,
   1,
   1,
   1,
   1,
   1,
   1,
   1,
   1,
   1,
   1,
   1
  ],
  "coords": [
   [
    -6.330783,
    0.743697,
    2.698861
   ],
   [
    -7.029796,
    0.554794,
    1.351877
   ],
   [
    -7.536966,
    -0.881257,
    1.210119
   ],
   [
    -6.148403,
    0.983284,
    0.163233
   ],
   [
    -4.830481,
    0.21278,
    0.012431
   ],
   [
    -4.05183,
    0.699474,
    -1.215545
   ],
   [
    -2.683534,
    0.011709,
    -1.457282
   ],
   [
    -2.881277,
    -1.470412,
    -1.792666
   ],
   [
    -1.676698,
    0.316763,
    -0.308794
   ],
   [
    -1.469506,
    -0.791287,
    0.729301
   ],
   [
    -0.178746,
    -0.430348,
    1.458767
   ],
   [
    0.500222,
    0.697808,
    0.651133
   ],
   [
    -0.215033,
    0.691758,
    -0.730446
   ],
   [
    0.423624,
    -0.330155,
    -1.691836
   ],
   [
    1.954425,
    -0.278854,
    -1.726989
   ],
   [
    2.551297,
    -0.535983,
    -0.325478
   ],
   [
    2.039941,
    0.550637,
    0.652715
   ],
   [
    2.735073,
    1.901128,
    0.3972
   ],
   [
    4.22049,
    1.775483,
    0.294078
   ],
   [
    4.856932,
    0.621871,
    0.034127
   ],
   [
    4.129552,
    -0.692386,
    -0.261138
   ],
   [
    4.490931,
    -1.648825,
    0.919365
   ],
   [
    5.999077,
    -1.795433,
    1.166291
   ],
   [
    6.706244,
    -0.445758,
    1.317467
   ],
   [
    6.35776,
    0.525589,
    0.181822
   ],
   [
    8.113481,
    -0.675383,
    1.352524
   ],
   [
    4.654736,
    -1.312531,
    -1.579701
   ],
   [
    -0.218445,
    2.0882,
    -1.385839
   ],
   [
    -5.490954,
    0.051881,
    2.822801
   ],
   [
    -5.952918,
    1.766638,
    2.802712
   ],
   [
    -7.03053,
    0.561132,
    3.522158
   ],
   [
    -7.909429,
    1.212786,
    1.345631
   ],
   [
    -8.032834,
    -1.024795,
    0.244067
   ],
   [
    -8.265578,
    -1.109949,
    1.99523
   ],
   [
    -6.725106,
    -1.611415,
    1.291159
   ],
   [
    -5.922934,
    2.052752,
    0.263987
   ],
   [
    -6.732364,
    0.87958,
    -0.760371
   ],
   [
    -5.037181,
    -0.857067,
    -0.084557
   ],
   [
    -4.224753,
    0.353753,
    0.91218
   ],
   [
    -4.67558,
    0.559793,
    -2.108555
   ],
   [
    -3.886617,
    1.781665,
    -1.129657
   ],
   [
    -2.300606,
    0.474643,
    -2.374716
   ],
   [
    -1.942559,
    -1.937834,
    -2.10237
   ],
   [
    -3.282287,
    -2.039321,
    -0.948374
   ],
   [
    -3.583428,
    -1.582093,
    -2.626403
   ],
   [
    -2.061647,
    1.190755,
    0.239411
   ],
   [
    -1.33776,
    -1.773721,
    0.267015
   ],
   [
    -2.310191,
    -0.873116,
    1.423314
   ],
   [
    0.451075,
    -1.320205,
    1.562848
   ],
   [
    -0.396966,
    -0.078539,
    2.474135
   ],
   [
    0.249822,
    1.634576,
    1.170654
   ],
   [
    0.14433,
    -1.351212,
    -1.408722
   ],
   [
    0.039649,
    -0.184785,
    -2.709108
   ],
   [
    2.27084,
    -1.058594,
    -2.428002
   ],
   [
    2.304722,
    0.673392,
    -2.139136
   ],
   [
    2.134016,
    -1.500642,
    -0.002749
   ],
   [
    2.328024,
    0.246571,
    1.669842
   ],
   [
    2.381182,
    2.39507,
    -0.507388
   ],
   [
    2.502699,
    2.57447,
    1.231502
   ],
   [
    4.788638,
    2.677673,
    0.511002
   ],
   [
    4.068023,
    -2.64526,
    0.736527
   ],
   [
    4.030802,
    -1.286267,
    1.84809
   ],
   [
    6.46545,
    -2.375555,
    0.360371
   ],
   [
    6.16413,
    -2.392469,
    2.072298
   ],
   [
    6.420848,
    -0.002577,
    2.280153
   ],
   [
    6.825256,
    0.211039,
    -0.758034
   ],
   [
    6.806094,
    1.502958,
    0.403105
   ],
   [
    8.545535,
    0.186103,
    1.486329
   ],
   [
    5.71897,
    -1.562562,
    -1.546998
   ],
   [
    4.126239,
    -2.245316,
    -1.808919
   ],
   [
    4.530665,
    -0.624338,
    -2.423508
   ],
   [
    0.763129,
    2.376485,
    -1.764181
   ],
   [
    -0.89524,
    2.12844,
    -2.244949
   ],
   [
    -0.544963,
    2.859113,
    -0.67953
   ]
  ]
 },