{
  "symbols": [
    "H",
    "C",
    "N",
    "O",
    "S",
    "F",
    "Cl"
  ],
  "self_energies": [
    -0.5978583693504333,
    -38.08934020996094,
    -54.71196746826172,
    -75.19107055664062,
    -398.15771484375,
    -99.80348205566406,
    -460.1681823730469
  ],
  "aev_dim": 1008,
  "radial_len": 112,
  "angular_len": 896,
  "num_species": 7,
  "num_species_pairs": 28,
  "radial": {
    "eta": 19.700000762939453,
    "shifts": [
      0.800000011920929,
      1.068750023841858,
      1.337499976158142,
      1.6062500476837158,
      1.875,
      2.143749952316284,
      2.4124999046325684,
      2.6812500953674316,
      2.950000047683716,
      3.21875,
      3.487499952316284,
      3.7562499046325684,
      4.025000095367432,
      4.293749809265137,
      4.5625,
      4.831250190734863
    ],
    "cutoff": 5.1
  },
  "angular": {
    "eta": 12.5,
    "zeta": 14.100000381469727,
    "shifts": [
      0.800000011920929,
      1.1375000476837158,
      1.475000023841858,
      1.8125,
      2.1500000953674316,
      2.487499952316284,
      2.825000047683716,
      3.1624999046325684
    ],
    "sections": [
      0.39269909262657166,
      1.1780972480773926,
      1.9634953737258911,
      2.7488934993743896
    ],
    "cutoff": 3.5
  }
}